-- ============================================================
-- MIGRACIÓN: Departamentos, Municipios y Comunidades Indígenas
-- Fuente: docs/AMAZONÍA MAPEO OFICIAL PROYECTO AMAZONIA (1).xlsx
-- Generado: 2026-06-12
-- ============================================================

-- 1. Limpiar datos existentes (orden inverso de dependencias)
TRUNCATE TABLE comunidades_municipios RESTART IDENTITY CASCADE;
TRUNCATE TABLE comunidades_indigenas  RESTART IDENTITY CASCADE;
TRUNCATE TABLE municipios             RESTART IDENTITY CASCADE;
TRUNCATE TABLE departamentos          RESTART IDENTITY CASCADE;

-- 2. Los 9 departamentos de Bolivia
--    TRUE  = presencia amazónica (fuente: Excel)
--    FALSE = sin presencia amazónica (sedes empresas/orgs)
INSERT INTO departamentos (id_departamento, nombre, amazonico) VALUES
(1, 'Pando', TRUE),
(2, 'Beni', TRUE),
(3, 'La Paz', TRUE),
(4, 'Cochabamba', TRUE),
(5, 'Santa Cruz', TRUE),
(6, 'Oruro', FALSE),
(7, 'Potosí', FALSE),
(8, 'Chuquisaca', FALSE),
(9, 'Tarija', FALSE);

SELECT setval('departamentos_id_departamento_seq',
       (SELECT MAX(id_departamento) FROM departamentos));

-- 3. Municipios (105 municipios amazónicos según Excel)
INSERT INTO municipios (id_municipio, nombre, id_departamento) VALUES
(1, 'Bella Flor', 1),
(2, 'Bolpebra', 1),
(3, 'Cobija', 1),
(4, 'Filadelfia', 1),
(5, 'Ingavi', 1),
(6, 'Nueva Esperanza', 1),
(7, 'Porvenir', 1),
(8, 'Puerto Gonzalo Moreno', 1),
(9, 'Puerto Rico', 1),
(10, 'San Lorenzo', 1),
(11, 'San Pedro', 1),
(12, 'Santa Rosa', 1),
(13, 'Santos Mercado', 1),
(14, 'Sena', 1),
(15, 'Villa Nueva (Loma Alta)', 1),
(16, 'Baures', 2),
(17, 'Exaltación', 2),
(18, 'Guayaramerín', 2),
(19, 'Huacaraje', 2),
(20, 'Loreto', 2),
(21, 'Magdalena', 2),
(22, 'Puerto Siles', 2),
(23, 'Reyes', 2),
(24, 'Riberalta', 2),
(25, 'Rurrenabaque', 2),
(26, 'San Andrés', 2),
(27, 'San Borja', 2),
(28, 'San Ignacio', 2),
(29, 'San Javier', 2),
(30, 'San Joaquín', 2),
(31, 'San Ramón', 2),
(32, 'Santa Ana de Yacuma', 2),
(33, 'Santa Rosa', 2),
(34, 'Trinidad', 2),
(35, 'Alto Beni', 3),
(36, 'Apolo', 3),
(37, 'Aucapata', 3),
(38, 'Ayata', 3),
(39, 'Cairoma', 3),
(40, 'Cajuata', 3),
(41, 'Caranavi', 3),
(42, 'Charazani (Gral. Pérez)', 3),
(43, 'Chulumani', 3),
(44, 'Chuma', 3),
(45, 'Colquiri', 3),
(46, 'Combaya', 3),
(47, 'Coripata', 3),
(48, 'Coroico', 3),
(49, 'Curva', 3),
(50, 'Guanay', 3),
(51, 'Ichoca', 3),
(52, 'Inquisivi', 3),
(53, 'Irupana', 3),
(54, 'Ixiamas', 3),
(55, 'La Asunta', 3),
(56, 'Licoma (Villa libertad)', 3),
(57, 'Mapiri', 3),
(58, 'Mocomoco', 3),
(59, 'Nuestra Señora de La Paz', 3),
(60, 'Palos Blancos', 3),
(61, 'Pelechuco', 3),
(62, 'Puerto Carabuco', 3),
(63, 'Quiabaya', 3),
(64, 'Quime', 3),
(65, 'San Buenaventura', 3),
(66, 'Sorata', 3),
(67, 'Tacacoma', 3),
(68, 'Teoponte', 3),
(69, 'Tipuani', 3),
(70, 'Yanacachi', 3),
(71, 'Chimoré', 4),
(72, 'Cocapata', 4),
(73, 'Entre Ríos (Bulo Bulo)', 4),
(74, 'Independencia', 4),
(75, 'Morochata', 4),
(76, 'Pojo', 4),
(77, 'Puerto Villarroel', 4),
(78, 'Shinaota', 4),
(79, 'Tapacarí', 4),
(80, 'Tiraque', 4),
(81, 'Totora', 4),
(82, 'Villa Tunari', 4),
(83, 'Ascensión de Guarayos', 5),
(84, 'Buena Vista', 5),
(85, 'Comarapa', 5),
(86, 'Concepción', 5),
(87, 'El Puente', 5),
(88, 'El Torno', 5),
(89, 'Fernández Alonso', 5),
(90, 'General Saavedra', 5),
(91, 'Mairana', 5),
(92, 'Mineros', 5),
(93, 'Pampa Grande', 5),
(94, 'Porongo (Ayacucho)', 5),
(95, 'Portachuelo', 5),
(96, 'Samaipata', 5),
(97, 'San Carlos', 5),
(98, 'San Ignacio de Velasco', 5),
(99, 'San Juan de Yapacaní', 5),
(100, 'San Julián', 5),
(101, 'San Pedro', 5),
(102, 'Santa Rosa del Sara', 5),
(103, 'Urubichá', 5),
(104, 'Warnes', 5),
(105, 'Yapacaní', 5);

SELECT setval('municipios_id_municipio_seq',
       (SELECT MAX(id_municipio) FROM municipios));

-- 4. Comunidades indígenas (51 comunidades únicas)
INSERT INTO comunidades_indigenas (id_comunidad, nombre) VALUES
(1, 'Afrobolivianos'),
(2, 'Baure'),
(3, 'Canichana'),
(4, 'Cavineño'),
(5, 'Cayubaba'),
(6, 'Central de Comunidades Indígenas Tacana II Río Madre de Dios (CITRMD)'),
(7, 'Chacobo'),
(8, 'Chiquitano'),
(9, 'Comunidad Agroecológica Originaria de Palos Blancos (CAOPB)'),
(10, 'Comunidad Ese Ejja de Eyiyoquibo (CEEE)'),
(11, 'Comunidad Indígena Apichana'),
(12, 'Comunidad Indígena Puesto Araona (CAPIA)'),
(13, 'Consejo Indígena Yuqui Consejo Indígena del Río Ichilo (YUQUI CIRI)'),
(14, 'Consejo Indígena del Pueblo Tacana (CIPTA)'),
(15, 'Consejo Regional T''simane Mosetenes Pilón Lajas (CRTM-PL)'),
(16, 'Esse Ejja'),
(17, 'Guaragsug we'),
(18, 'Guarayo'),
(19, 'Ignaciano'),
(20, 'Itonama'),
(21, 'Itonamas'),
(22, 'Javeriano'),
(23, 'Joaquiniano'),
(24, 'La Central Indígena del Pueblo Leco de Apolo (CIPLA)'),
(25, 'La Organización del Pueblo Indígena Leco y Comunidades Originarias de Larecaja (PILCOL)'),
(26, 'Lecos'),
(27, 'Loretano'),
(28, 'Machineri'),
(29, 'Mojeño'),
(30, 'Mojeño Trinitario (TIM)'),
(31, 'Moré'),
(32, 'Mosetene'),
(33, 'Mosetén'),
(34, 'Movima'),
(35, 'Movima (TIM)'),
(36, 'Moxeño'),
(37, 'OPIM (Organización del Pueblo Indígena Mosetén) y OMIM (Organización de la Mujer Indígena Mosetén)'),
(38, 'Pacahuara'),
(39, 'Pueblo Indígena de San José de Uchupiamonas (PI-SJU)'),
(40, 'Reyesano / Moropa'),
(41, 'Sirionó'),
(42, 'Tacanas'),
(43, 'Trinitario Moxeño'),
(44, 'Trinitario Moxeño - Territorio Indígena del Parque Isiboro Sécure Consejo Indígena del Sur (TIPNIS)'),
(45, 'Tsimane'),
(46, 'Tsimane (TIM)'),
(47, 'Yaminahua'),
(48, 'Yuracare'),
(49, 'Yuracare (TIM)'),
(50, 'Yuracaré'),
(51, 'Yuracaré-Mojeño');

SELECT setval('comunidades_indigenas_id_comunidad_seq',
       (SELECT MAX(id_comunidad) FROM comunidades_indigenas));

-- 5. Relaciones municipio ↔ comunidad (131 relaciones)
INSERT INTO comunidades_municipios (id_municipio, id_comunidad) VALUES
(1, 42),
(2, 28),
(2, 47),
(3, 38),
(4, 4),
(5, 4),
(5, 16),
(5, 42),
(6, 42),
(8, 4),
(8, 16),
(8, 42),
(9, 4),
(9, 42),
(10, 4),
(10, 16),
(10, 42),
(11, 4),
(11, 42),
(12, 4),
(13, 42),
(14, 4),
(14, 42),
(16, 2),
(16, 21),
(17, 4),
(17, 5),
(17, 7),
(17, 34),
(18, 7),
(19, 2),
(19, 20),
(20, 27),
(20, 29),
(20, 50),
(21, 2),
(21, 21),
(21, 29),
(22, 23),
(22, 31),
(23, 4),
(23, 7),
(23, 40),
(23, 42),
(23, 45),
(24, 4),
(24, 7),
(24, 38),
(24, 42),
(25, 15),
(25, 16),
(25, 40),
(25, 42),
(26, 29),
(27, 15),
(27, 34),
(27, 37),
(27, 42),
(27, 48),
(28, 19),
(28, 30),
(28, 33),
(28, 35),
(28, 46),
(28, 50),
(29, 3),
(29, 22),
(29, 36),
(29, 41),
(30, 2),
(30, 20),
(30, 23),
(30, 29),
(30, 31),
(30, 34),
(31, 20),
(31, 23),
(31, 29),
(32, 4),
(32, 30),
(32, 33),
(32, 35),
(32, 46),
(32, 49),
(33, 42),
(33, 45),
(33, 48),
(34, 3),
(34, 36),
(34, 41),
(36, 15),
(36, 24),
(36, 25),
(36, 39),
(41, 26),
(43, 1),
(47, 1),
(48, 1),
(50, 25),
(50, 32),
(52, 1),
(53, 1),
(54, 6),
(54, 12),
(54, 14),
(54, 16),
(54, 39),
(57, 25),
(60, 9),
(60, 11),
(60, 15),
(60, 37),
(64, 1),
(65, 10),
(65, 14),
(65, 39),
(68, 25),
(69, 25),
(71, 43),
(71, 50),
(75, 32),
(77, 13),
(82, 44),
(82, 50),
(83, 2),
(83, 18),
(87, 18),
(98, 8),
(98, 17),
(103, 18),
(105, 51);

-- ============================================================
-- VERIFICACIÓN (ejecutar manualmente para confirmar resultados)
-- ============================================================

-- Distribución amazónico / no amazónico:
-- SELECT amazonico, COUNT(*), STRING_AGG(nombre, ', ' ORDER BY nombre)
-- FROM departamentos GROUP BY amazonico;
-- Esperado: TRUE = 5, FALSE = 4

-- Totales:
-- SELECT
--   (SELECT COUNT(*) FROM departamentos)                       AS total_departamentos,
--   (SELECT COUNT(*) FROM departamentos WHERE amazonico = true) AS amazonicos,
--   (SELECT COUNT(*) FROM municipios)                         AS total_municipios,   -- esperado: 105
--   (SELECT COUNT(*) FROM comunidades_indigenas)              AS total_comunidades,  -- esperado: 51
--   (SELECT COUNT(*) FROM comunidades_municipios)             AS total_relaciones;   -- esperado: 131

-- Integridad (ambos deben dar 0):
-- SELECT COUNT(*) FROM municipios WHERE id_departamento IS NULL;
-- SELECT COUNT(*) FROM comunidades_municipios cm
--   LEFT JOIN municipios m ON m.id_municipio = cm.id_municipio
--   WHERE m.id_municipio IS NULL;

-- Municipios por departamento amazónico:
-- SELECT d.nombre, COUNT(m.id_municipio) AS municipios
-- FROM departamentos d LEFT JOIN municipios m ON m.id_departamento = d.id_departamento
-- WHERE d.amazonico = true GROUP BY d.nombre ORDER BY d.nombre;
